T,Dk,Dv,dtype,mode,status,tensor,max_rel,one_minus_cos,dims
256,64,64,float32,fp32-tf32,ok,fwd out,0.001477,5.96e-08,64×64
256,64,64,float32,fp32-tf32,ok,fwd state,0.0009746,0.0,64×64
256,64,64,float32,fp32-tf32,ok,dq,0.001414,5.96e-08,64×64
256,64,64,float32,fp32-tf32,ok,dk,0.001743,2.384e-07,64×64
256,64,64,float32,fp32-tf32,ok,dv,0.001814,1.192e-07,64×64
256,64,64,float32,fp32-tf32,ok,dg,0.001739,3.576e-07,64×64
256,64,64,float32,fp32-tf32,ok,dbeta,0.00197,2.384e-07,64×64
256,128,128,float32,fp32-tf32,ok,fwd out,0.001535,5.96e-08,128×128
256,128,128,float32,fp32-tf32,ok,fwd state,0.0008036,1.192e-07,128×128
256,128,128,float32,fp32-tf32,ok,dq,0.001447,5.96e-08,128×128
256,128,128,float32,fp32-tf32,ok,dk,0.001473,5.96e-08,128×128
256,128,128,float32,fp32-tf32,ok,dv,0.002102,3.576e-07,128×128
256,128,128,float32,fp32-tf32,ok,dg,0.001403,4.768e-07,128×128
256,128,128,float32,fp32-tf32,ok,dbeta,0.001753,2.384e-07,128×128
256,64,128,float32,fp32-tf32,ok,fwd out,0.001487,1.192e-07,64×128
256,64,128,float32,fp32-tf32,ok,fwd state,0.001136,1.192e-07,64×128
256,64,128,float32,fp32-tf32,ok,dq,0.001507,1.192e-07,64×128
256,64,128,float32,fp32-tf32,ok,dk,0.001836,1.788e-07,64×128
256,64,128,float32,fp32-tf32,ok,dv,0.001894,5.96e-08,64×128
256,64,128,float32,fp32-tf32,ok,dg,0.001647,3.576e-07,64×128
256,64,128,float32,fp32-tf32,ok,dbeta,0.001721,2.384e-07,64×128
1024,64,64,float32,fp32-tf32,ok,fwd out,0.001793,1.192e-07,64×64
1024,64,64,float32,fp32-tf32,ok,fwd state,0.0008515,1.788e-07,64×64
1024,64,64,float32,fp32-tf32,ok,dq,0.001421,5.96e-08,64×64
1024,64,64,float32,fp32-tf32,ok,dk,0.001697,3.576e-07,64×64
1024,64,64,float32,fp32-tf32,ok,dv,0.002037,1.192e-07,64×64
1024,64,64,float32,fp32-tf32,ok,dg,0.001623,4.172e-07,64×64
1024,64,64,float32,fp32-tf32,ok,dbeta,0.001991,1.192e-07,64×64
1024,128,128,float32,fp32-tf32,ok,fwd out,0.001708,1.192e-07,128×128
1024,128,128,float32,fp32-tf32,ok,fwd state,0.0008346,1.192e-07,128×128
1024,128,128,float32,fp32-tf32,ok,dq,0.001663,1.192e-07,128×128
1024,128,128,float32,fp32-tf32,ok,dk,0.001432,1.788e-07,128×128
1024,128,128,float32,fp32-tf32,ok,dv,0.002223,2.384e-07,128×128
1024,128,128,float32,fp32-tf32,ok,dg,0.001776,4.172e-07,128×128
1024,128,128,float32,fp32-tf32,ok,dbeta,0.001931,1.788e-07,128×128
1024,64,128,float32,fp32-tf32,ok,fwd out,0.001521,1.192e-07,64×128
1024,64,128,float32,fp32-tf32,ok,fwd state,0.0009255,5.96e-08,64×128
1024,64,128,float32,fp32-tf32,ok,dq,0.001578,1.192e-07,64×128
1024,64,128,float32,fp32-tf32,ok,dk,0.001529,2.384e-07,64×128
1024,64,128,float32,fp32-tf32,ok,dv,0.00193,1.788e-07,64×128
1024,64,128,float32,fp32-tf32,ok,dg,0.001531,4.768e-07,64×128
1024,64,128,float32,fp32-tf32,ok,dbeta,0.002217,1.788e-07,64×128
4096,64,64,float32,fp32-tf32,ok,fwd out,0.001704,1.192e-07,64×64
4096,64,64,float32,fp32-tf32,ok,fwd state,0.0009075,5.96e-08,64×64
4096,64,64,float32,fp32-tf32,ok,dq,0.001381,1.192e-07,64×64
4096,64,64,float32,fp32-tf32,ok,dk,0.001835,2.98e-07,64×64
4096,64,64,float32,fp32-tf32,ok,dv,0.002207,1.192e-07,64×64
4096,64,64,float32,fp32-tf32,ok,dg,0.001789,4.768e-07,64×64
4096,64,64,float32,fp32-tf32,ok,dbeta,0.001807,1.788e-07,64×64
4096,128,128,float32,fp32-tf32,ok,fwd out,0.001611,5.96e-08,128×128
4096,128,128,float32,fp32-tf32,ok,fwd state,0.0009038,5.96e-08,128×128
4096,128,128,float32,fp32-tf32,ok,dq,0.001635,5.96e-08,128×128
4096,128,128,float32,fp32-tf32,ok,dk,0.001598,1.192e-07,128×128
4096,128,128,float32,fp32-tf32,ok,dv,0.001916,0.0,128×128
4096,128,128,float32,fp32-tf32,ok,dg,0.001897,4.768e-07,128×128
4096,128,128,float32,fp32-tf32,ok,dbeta,0.002175,2.384e-07,128×128
4096,64,128,float32,fp32-tf32,ok,fwd out,0.001624,0.0,64×128
4096,64,128,float32,fp32-tf32,ok,fwd state,0.0009267,0.0,64×128
4096,64,128,float32,fp32-tf32,ok,dq,0.00161,1.192e-07,64×128
4096,64,128,float32,fp32-tf32,ok,dk,0.001478,2.384e-07,64×128
4096,64,128,float32,fp32-tf32,ok,dv,0.002034,1.788e-07,64×128
4096,64,128,float32,fp32-tf32,ok,dg,0.001741,5.96e-07,64×128
4096,64,128,float32,fp32-tf32,ok,dbeta,0.002091,2.384e-07,64×128
256,64,64,bfloat16,bf16,ok,fwd out,0.005748,6.676e-06,64×64
256,64,64,bfloat16,bf16,ok,fwd state,0.004601,4.232e-06,64×64
256,64,64,bfloat16,bf16,ok,dq,0.006061,9.358e-06,64×64
256,64,64,bfloat16,bf16,ok,dk,0.007042,1.132e-05,64×64
256,64,64,bfloat16,bf16,ok,dv,0.006711,8.285e-06,64×64
256,64,64,bfloat16,bf16,ok,dg,0.00454,7.033e-06,64×64
256,64,64,bfloat16,bf16,ok,dbeta,0.003758,5.841e-06,64×64
256,128,128,bfloat16,bf16,ok,fwd out,0.004603,6.437e-06,128×128
256,128,128,bfloat16,bf16,ok,fwd state,0.003877,4.053e-06,128×128
256,128,128,bfloat16,bf16,ok,dq,0.004739,9.12e-06,128×128
256,128,128,bfloat16,bf16,ok,dk,0.005587,1.085e-05,128×128
256,128,128,bfloat16,bf16,ok,dv,0.004566,7.868e-06,128×128
256,128,128,bfloat16,bf16,ok,dg,0.003069,6.795e-06,128×128
256,128,128,bfloat16,bf16,ok,dbeta,0.003047,5.722e-06,128×128
256,64,128,bfloat16,bf16,ok,fwd out,0.004466,6.795e-06,64×128
256,64,128,bfloat16,bf16,ok,fwd state,0.003779,4.172e-06,64×128
256,64,128,bfloat16,bf16,ok,dq,0.00463,9.358e-06,64×128
256,64,128,bfloat16,bf16,ok,dk,0.004525,1.127e-05,64×128
256,64,128,bfloat16,bf16,ok,dv,0.00641,8.166e-06,64×128
256,64,128,bfloat16,bf16,ok,dg,0.004546,7.868e-06,64×128
256,64,128,bfloat16,bf16,ok,dbeta,0.00315,5.722e-06,64×128
1024,64,64,bfloat16,bf16,ok,fwd out,0.006342,6.914e-06,64×64
1024,64,64,bfloat16,bf16,ok,fwd state,0.005588,4.172e-06,64×64
1024,64,64,bfloat16,bf16,ok,dq,0.005525,9.596e-06,64×64
1024,64,64,bfloat16,bf16,ok,dk,0.00578,1.144e-05,64×64
1024,64,64,bfloat16,bf16,ok,dv,0.006757,8.404e-06,64×64
1024,64,64,bfloat16,bf16,ok,dg,0.004261,7.689e-06,64×64
1024,64,64,bfloat16,bf16,ok,dbeta,0.004039,5.782e-06,64×64
1024,128,128,bfloat16,bf16,ok,fwd out,0.006589,6.616e-06,128×128
1024,128,128,bfloat16,bf16,ok,fwd state,0.00323,4.113e-06,128×128
1024,128,128,bfloat16,bf16,ok,dq,0.004032,9.418e-06,128×128
1024,128,128,bfloat16,bf16,ok,dk,0.005128,1.103e-05,128×128
1024,128,128,bfloat16,bf16,ok,dv,0.008547,8.225e-06,128×128
1024,128,128,bfloat16,bf16,ok,dg,0.00427,8.047e-06,128×128
1024,128,128,bfloat16,bf16,ok,dbeta,0.004424,5.543e-06,128×128
1024,64,128,bfloat16,bf16,ok,fwd out,0.006558,7.033e-06,64×128
1024,64,128,bfloat16,bf16,ok,fwd state,0.004326,4.292e-06,64×128
1024,64,128,bfloat16,bf16,ok,dq,0.004184,9.656e-06,64×128
1024,64,128,bfloat16,bf16,ok,dk,0.005282,1.15e-05,64×128
1024,64,128,bfloat16,bf16,ok,dv,0.006135,8.464e-06,64×128
1024,64,128,bfloat16,bf16,ok,dg,0.003682,7.749e-06,64×128
1024,64,128,bfloat16,bf16,ok,dbeta,0.003717,6.08e-06,64×128
4096,64,64,bfloat16,bf16,ok,fwd out,0.006603,7.033e-06,64×64
4096,64,64,bfloat16,bf16,ok,fwd state,0.005751,4.232e-06,64×64
4096,64,64,bfloat16,bf16,ok,dq,0.005208,9.537e-06,64×64
4096,64,64,bfloat16,bf16,ok,dk,0.005556,1.156e-05,64×64
4096,64,64,bfloat16,bf16,ok,dv,0.004695,8.464e-06,64×64
4096,64,64,bfloat16,bf16,ok,dg,0.004305,7.629e-06,64×64
4096,64,64,bfloat16,bf16,ok,dbeta,0.00474,5.901e-06,64×64
4096,128,128,bfloat16,bf16,ok,fwd out,0.007239,6.795e-06,128×128
4096,128,128,bfloat16,bf16,ok,fwd state,0.00424,4.113e-06,128×128
4096,128,128,bfloat16,bf16,ok,dq,0.00365,9.418e-06,128×128
4096,128,128,bfloat16,bf16,ok,dk,0.005291,1.109e-05,128×128
4096,128,128,bfloat16,bf16,ok,dv,0.007519,8.225e-06,128×128
4096,128,128,bfloat16,bf16,ok,dg,0.004682,7.272e-06,128×128
4096,128,128,bfloat16,bf16,ok,dbeta,0.002873,5.543e-06,128×128
4096,64,128,bfloat16,bf16,ok,fwd out,0.006858,6.974e-06,64×128
4096,64,128,bfloat16,bf16,ok,fwd state,0.004398,4.292e-06,64×128
4096,64,128,bfloat16,bf16,ok,dq,0.003704,9.656e-06,64×128
4096,64,128,bfloat16,bf16,ok,dk,0.006803,1.15e-05,64×128
4096,64,128,bfloat16,bf16,ok,dv,0.004484,8.464e-06,64×128
4096,64,128,bfloat16,bf16,ok,dg,0.003984,7.749e-06,64×128
4096,64,128,bfloat16,bf16,ok,dbeta,0.003162,6.08e-06,64×128
256,64,64,float32,fp32-ieee,ok,fwd out,0.0001069,0.0,64×64
256,64,64,float32,fp32-ieee,ok,fwd state,6.85e-05,0.0,64×64
256,64,64,float32,fp32-ieee,ok,dq,0.0001343,0.0,64×64
256,64,64,float32,fp32-ieee,ok,dk,0.0001691,0.0,64×64
256,64,64,float32,fp32-ieee,ok,dv,0.0001708,-1.192e-07,64×64
256,64,64,float32,fp32-ieee,ok,dg,0.0001183,0.0,64×64
256,64,64,float32,fp32-ieee,ok,dbeta,0.0001476,0.0,64×64
256,128,128,float32,fp32-ieee,ok,fwd out,7.458e-05,0.0,128×128
256,128,128,float32,fp32-ieee,ok,fwd state,4.748e-05,0.0,128×128
256,128,128,float32,fp32-ieee,ok,dq,8.289e-05,1.192e-07,128×128
256,128,128,float32,fp32-ieee,ok,dk,0.0001277,0.0,128×128
256,128,128,float32,fp32-ieee,ok,dv,0.0001218,1.192e-07,128×128
256,128,128,float32,fp32-ieee,ok,dg,4.47e-05,0.0,128×128
256,128,128,float32,fp32-ieee,ok,dbeta,0.0001061,0.0,128×128
256,64,128,float32,fp32-ieee,ok,fwd out,9.03e-05,5.96e-08,64×128
256,64,128,float32,fp32-ieee,ok,fwd state,8.393e-05,1.192e-07,64×128
256,64,128,float32,fp32-ieee,ok,dq,9.12e-05,0.0,64×128
256,64,128,float32,fp32-ieee,ok,dk,0.000173,0.0,64×128
256,64,128,float32,fp32-ieee,ok,dv,0.0001571,0.0,64×128
256,64,128,float32,fp32-ieee,ok,dg,8.901e-05,0.0,64×128
256,64,128,float32,fp32-ieee,ok,dbeta,0.000135,0.0,64×128
1024,64,64,float32,fp32-ieee,ok,fwd out,0.0001073,0.0,64×64
1024,64,64,float32,fp32-ieee,ok,fwd state,7.243e-05,5.96e-08,64×64
1024,64,64,float32,fp32-ieee,ok,dq,0.0001015,0.0,64×64
1024,64,64,float32,fp32-ieee,ok,dk,0.000143,5.96e-08,64×64
1024,64,64,float32,fp32-ieee,ok,dv,0.0001622,1.192e-07,64×64
1024,64,64,float32,fp32-ieee,ok,dg,0.00011,0.0,64×64
1024,64,64,float32,fp32-ieee,ok,dbeta,0.0001463,5.96e-08,64×64
1024,128,128,float32,fp32-ieee,ok,fwd out,7.804e-05,0.0,128×128
1024,128,128,float32,fp32-ieee,ok,fwd state,3.923e-05,0.0,128×128
1024,128,128,float32,fp32-ieee,ok,dq,7.397e-05,0.0,128×128
1024,128,128,float32,fp32-ieee,ok,dk,0.0001078,5.96e-08,128×128
1024,128,128,float32,fp32-ieee,ok,dv,0.0001031,5.96e-08,128×128
1024,128,128,float32,fp32-ieee,ok,dg,7.609e-05,5.96e-08,128×128
1024,128,128,float32,fp32-ieee,ok,dbeta,0.0001189,-1.192e-07,128×128
1024,64,128,float32,fp32-ieee,ok,fwd out,0.0001015,0.0,64×128
1024,64,128,float32,fp32-ieee,ok,fwd state,9.925e-05,5.96e-08,64×128
1024,64,128,float32,fp32-ieee,ok,dq,0.0001629,0.0,64×128
1024,64,128,float32,fp32-ieee,ok,dk,0.0001114,-1.192e-07,64×128
1024,64,128,float32,fp32-ieee,ok,dv,0.0001741,0.0,64×128
1024,64,128,float32,fp32-ieee,ok,dg,7.218e-05,0.0,64×128
1024,64,128,float32,fp32-ieee,ok,dbeta,0.0002037,0.0,64×128
4096,64,64,float32,fp32-ieee,ok,fwd out,0.0001101,0.0,64×64
4096,64,64,float32,fp32-ieee,ok,fwd state,7.056e-05,0.0,64×64
4096,64,64,float32,fp32-ieee,ok,dq,0.0001172,0.0,64×64
4096,64,64,float32,fp32-ieee,ok,dk,0.000143,0.0,64×64
4096,64,64,float32,fp32-ieee,ok,dv,0.0001528,-1.192e-07,64×64
4096,64,64,float32,fp32-ieee,ok,dg,8.979e-05,0.0,64×64
4096,64,64,float32,fp32-ieee,ok,dbeta,0.0001205,0.0,64×64
4096,128,128,float32,fp32-ieee,ok,fwd out,9.276e-05,0.0,128×128
4096,128,128,float32,fp32-ieee,ok,fwd state,5.097e-05,0.0,128×128
4096,128,128,float32,fp32-ieee,ok,dq,8.765e-05,0.0,128×128
4096,128,128,float32,fp32-ieee,ok,dk,0.0001236,0.0,128×128
4096,128,128,float32,fp32-ieee,ok,dv,0.0001127,0.0,128×128
4096,128,128,float32,fp32-ieee,ok,dg,7.423e-05,1.192e-07,128×128
4096,128,128,float32,fp32-ieee,ok,dbeta,9.123e-05,0.0,128×128
4096,64,128,float32,fp32-ieee,ok,fwd out,0.0001331,-1.192e-07,64×128
4096,64,128,float32,fp32-ieee,ok,fwd state,6.2e-05,0.0,64×128
4096,64,128,float32,fp32-ieee,ok,dq,0.000166,0.0,64×128
4096,64,128,float32,fp32-ieee,ok,dk,0.0001149,0.0,64×128
4096,64,128,float32,fp32-ieee,ok,dv,0.0001343,0.0,64×128
4096,64,128,float32,fp32-ieee,ok,dg,0.0001005,5.96e-08,64×128
4096,64,128,float32,fp32-ieee,ok,dbeta,0.0001175,5.96e-08,64×128
